"x","celllabel","plabel","marker","markerlabel","penalties","Number Of Hits","Score"
"<http://purl.obolibrary.org/obo/CL_0000037>","hematopoietic stem cell","lacks_plasma_membrane_part","<http://purl.obolibrary.org/obo/PR_000001020>","CD3 epsilon","0","1","1"
"<http://purl.obolibrary.org/obo/CL_0001008>","Kit and Sca1-positive hematopoietic stem cell","lacks_plasma_membrane_part","<http://purl.obolibrary.org/obo/PR_000001020>","CD3 epsilon","0","1","1"
"<http://purl.obolibrary.org/obo/CL_0001024>","CD34-positive, CD38-negative hematopoietic stem cell","lacks_plasma_membrane_part","<http://purl.obolibrary.org/obo/PR_000001020>","CD3 epsilon","0","1","1"
"<http://purl.obolibrary.org/obo/CL_0002033>","short term hematopoietic stem cell","lacks_plasma_membrane_part","<http://purl.obolibrary.org/obo/PR_000001020>","CD3 epsilon","0","1","1"
"<http://purl.obolibrary.org/obo/CL_0002034>","long term hematopoietic stem cell","lacks_plasma_membrane_part","<http://purl.obolibrary.org/obo/PR_000001020>","CD3 epsilon","0","1","1"
"<http://purl.obolibrary.org/obo/CL_0002246>","peripheral blood stem cell","lacks_plasma_membrane_part","<http://purl.obolibrary.org/obo/PR_000001020>","CD3 epsilon","0","1","1"
"<http://purl.obolibrary.org/obo/CL_0002352>","gestational hematopoietic stem cell","lacks_plasma_membrane_part","<http://purl.obolibrary.org/obo/PR_000001020>","CD3 epsilon","0","1","1"
"<http://purl.obolibrary.org/obo/CL_0002353>","fetal liver hematopoietic progenitor cell","lacks_plasma_membrane_part","<http://purl.obolibrary.org/obo/PR_000001020>","CD3 epsilon","0","1","1"
"<http://purl.obolibrary.org/obo/CL_0002354>","yolk sac hematopoietic stem cell","lacks_plasma_membrane_part","<http://purl.obolibrary.org/obo/PR_000001020>","CD3 epsilon","0","1","1"
"<http://purl.obolibrary.org/obo/CL_0002359>","placental hematopoietic stem cell","lacks_plasma_membrane_part","<http://purl.obolibrary.org/obo/PR_000001020>","CD3 epsilon","0","1","1"
"<http://purl.obolibrary.org/obo/CL_0002360>","AGM hematopoietic stem cell","lacks_plasma_membrane_part","<http://purl.obolibrary.org/obo/PR_000001020>","CD3 epsilon","0","1","1"
"<http://purl.obolibrary.org/obo/CL_0000038>","erythroid progenitor cell","lacks_plasma_membrane_part","<http://purl.obolibrary.org/obo/PR_000001020>","CD3 epsilon","0","1","1"
"<http://purl.obolibrary.org/obo/CL_0002000>","Kit-positive erythroid progenitor cell","lacks_plasma_membrane_part","<http://purl.obolibrary.org/obo/PR_000001020>","CD3 epsilon","0","1","1"
"<http://purl.obolibrary.org/obo/CL_0002003>","CD34-positive, GlyA-negative erythroid progenitor cell","lacks_plasma_membrane_part","<http://purl.obolibrary.org/obo/PR_000001020>","CD3 epsilon","0","1","1"
"<http://purl.obolibrary.org/obo/CL_0000041>","mature eosinophil","lacks_plasma_membrane_part","<http://purl.obolibrary.org/obo/PR_000001020>","CD3 epsilon","0","1","1"
"<http://purl.obolibrary.org/obo/CL_0000771>","eosinophil","lacks_plasma_membrane_part","<http://purl.obolibrary.org/obo/PR_000001020>","CD3 epsilon","0","1","1"
"<http://purl.obolibrary.org/obo/CL_0000774>","band form eosinophil","lacks_plasma_membrane_part","<http://purl.obolibrary.org/obo/PR_000001020>","CD3 epsilon","0","1","1"
"<http://purl.obolibrary.org/obo/CL_0000043>","mature basophil","lacks_plasma_membrane_part","<http://purl.obolibrary.org/obo/PR_000001020>","CD3 epsilon","0","1","1"
"<http://purl.obolibrary.org/obo/CL_0000767>","basophil","lacks_plasma_membrane_part","<http://purl.obolibrary.org/obo/PR_000001020>","CD3 epsilon","0","1","1"
"<http://purl.obolibrary.org/obo/CL_0000770>","band form basophil","lacks_plasma_membrane_part","<http://purl.obolibrary.org/obo/PR_000001020>","CD3 epsilon","0","1","1"
"<http://purl.obolibrary.org/obo/CL_0000094>","granulocyte","lacks_plasma_membrane_part","<http://purl.obolibrary.org/obo/PR_000001020>","CD3 epsilon","0","1","1"
"<http://purl.obolibrary.org/obo/CL_0000096>","mature neutrophil","lacks_plasma_membrane_part","<http://purl.obolibrary.org/obo/PR_000001020>","CD3 epsilon","0","1","1"
"<http://purl.obolibrary.org/obo/CL_0000775>","neutrophil","lacks_plasma_membrane_part","<http://purl.obolibrary.org/obo/PR_000001020>","CD3 epsilon","0","1","1"
"<http://purl.obolibrary.org/obo/CL_0000560>","band form neutrophil","lacks_plasma_membrane_part","<http://purl.obolibrary.org/obo/PR_000001020>","CD3 epsilon","0","1","1"
"<http://purl.obolibrary.org/obo/CL_0000776>","immature neutrophil","lacks_plasma_membrane_part","<http://purl.obolibrary.org/obo/PR_000001020>","CD3 epsilon","0","1","1"
"<http://purl.obolibrary.org/obo/CL_0000582>","neutrophilic metamyelocyte","lacks_plasma_membrane_part","<http://purl.obolibrary.org/obo/PR_000001020>","CD3 epsilon","0","1","1"
"<http://purl.obolibrary.org/obo/CL_0000580>","neutrophilic myelocyte","lacks_plasma_membrane_part","<http://purl.obolibrary.org/obo/PR_000001020>","CD3 epsilon","0","1","1"
"<http://purl.obolibrary.org/obo/CL_0000612>","eosinophilic myelocyte","lacks_plasma_membrane_part","<http://purl.obolibrary.org/obo/PR_000001020>","CD3 epsilon","0","1","1"
"<http://purl.obolibrary.org/obo/CL_0000772>","immature eosinophil","lacks_plasma_membrane_part","<http://purl.obolibrary.org/obo/PR_000001020>","CD3 epsilon","0","1","1"
"<http://purl.obolibrary.org/obo/CL_0000614>","basophilic myelocyte","lacks_plasma_membrane_part","<http://purl.obolibrary.org/obo/PR_000001020>","CD3 epsilon","0","1","1"
"<http://purl.obolibrary.org/obo/CL_0000768>","immature basophil","lacks_plasma_membrane_part","<http://purl.obolibrary.org/obo/PR_000001020>","CD3 epsilon","0","1","1"
"<http://purl.obolibrary.org/obo/CL_0000769>","basophilic metamyelocyte","lacks_plasma_membrane_part","<http://purl.obolibrary.org/obo/PR_000001020>","CD3 epsilon","0","1","1"
"<http://purl.obolibrary.org/obo/CL_0000773>","eosinophilic metamyelocyte","lacks_plasma_membrane_part","<http://purl.obolibrary.org/obo/PR_000001020>","CD3 epsilon","0","1","1"
"<http://purl.obolibrary.org/obo/CL_0000451>","dendritic cell","lacks_plasma_membrane_part","<http://purl.obolibrary.org/obo/PR_000001020>","CD3 epsilon","0","1","1"
"<http://purl.obolibrary.org/obo/CL_0000453>","Langerhans cell","lacks_plasma_membrane_part","<http://purl.obolibrary.org/obo/PR_000001020>","CD3 epsilon","0","1","1"
"<http://purl.obolibrary.org/obo/CL_0000990>","conventional dendritic cell","lacks_plasma_membrane_part","<http://purl.obolibrary.org/obo/PR_000001020>","CD3 epsilon","0","1","1"
"<http://purl.obolibrary.org/obo/CL_0000782>","myeloid dendritic cell","lacks_plasma_membrane_part","<http://purl.obolibrary.org/obo/PR_000001020>","CD3 epsilon","0","1","1"
"<http://purl.obolibrary.org/obo/CL_0000784>","plasmacytoid dendritic cell","lacks_plasma_membrane_part","<http://purl.obolibrary.org/obo/PR_000001020>","CD3 epsilon","0","1","1"
"<http://purl.obolibrary.org/obo/CL_0000840>","immature conventional dendritic cell","lacks_plasma_membrane_part","<http://purl.obolibrary.org/obo/PR_000001020>","CD3 epsilon","0","1","1"
"<http://purl.obolibrary.org/obo/CL_0000841>","mature conventional dendritic cell","lacks_plasma_membrane_part","<http://purl.obolibrary.org/obo/PR_000001020>","CD3 epsilon","0","1","1"
"<http://purl.obolibrary.org/obo/CL_0000941>","thymic conventional dendritic cell","lacks_plasma_membrane_part","<http://purl.obolibrary.org/obo/PR_000001020>","CD3 epsilon","0","1","1"
"<http://purl.obolibrary.org/obo/CL_0000942>","thymic plasmacytoid dendritic cell","lacks_plasma_membrane_part","<http://purl.obolibrary.org/obo/PR_000001020>","CD3 epsilon","0","1","1"
"<http://purl.obolibrary.org/obo/CL_0000989>","CD11c-low plasmacytoid dendritic cell","lacks_plasma_membrane_part","<http://purl.obolibrary.org/obo/PR_000001020>","CD3 epsilon","0","1","1"
"<http://purl.obolibrary.org/obo/CL_0000991>","CD11c-negative plasmacytoid dendritic cell","lacks_plasma_membrane_part","<http://purl.obolibrary.org/obo/PR_000001020>","CD3 epsilon","0","1","1"
"<http://purl.obolibrary.org/obo/CL_0000992>","immature CD11c-low plasmacytoid dendritic cell","lacks_plasma_membrane_part","<http://purl.obolibrary.org/obo/PR_000001020>","CD3 epsilon","0","1","1"
"<http://purl.obolibrary.org/obo/CL_0000993>","mature CD11c-low plasmacytoid dendritic cell","lacks_plasma_membrane_part","<http://purl.obolibrary.org/obo/PR_000001020>","CD3 epsilon","0","1","1"
"<http://purl.obolibrary.org/obo/CL_0000994>","immature CD11c-negative plasmacytoid dendritic cell","lacks_plasma_membrane_part","<http://purl.obolibrary.org/obo/PR_000001020>","CD3 epsilon","0","1","1"
"<http://purl.obolibrary.org/obo/CL_0000996>","mature CD11c-negative plasmacytoid dendritic cell","lacks_plasma_membrane_part","<http://purl.obolibrary.org/obo/PR_000001020>","CD3 epsilon","0","1","1"
"<http://purl.obolibrary.org/obo/CL_0000997>","immature CD8_alpha-negative CD11b-positive dendritic cell","lacks_plasma_membrane_part","<http://purl.obolibrary.org/obo/PR_000001020>","CD3 epsilon","0","1","1"
"<http://purl.obolibrary.org/obo/CL_0000999>","CD4-positive CD11b-positive dendritic cell","lacks_plasma_membrane_part","<http://purl.obolibrary.org/obo/PR_000001020>","CD3 epsilon","0","1","1"
"<http://purl.obolibrary.org/obo/CL_0000998>","CD8_alpha-negative CD11b-negative dendritic cell","lacks_plasma_membrane_part","<http://purl.obolibrary.org/obo/PR_000001020>","CD3 epsilon","0","1","1"
"<http://purl.obolibrary.org/obo/CL_0002465>","CD11b-positive dendritic cell","lacks_plasma_membrane_part","<http://purl.obolibrary.org/obo/PR_000001020>","CD3 epsilon","0","1","1"
"<http://purl.obolibrary.org/obo/CL_0001000>","CD8_alpha-positive CD11b-negative dendritic cell","lacks_plasma_membrane_part","<http://purl.obolibrary.org/obo/PR_000001020>","CD3 epsilon","0","1","1"
"<http://purl.obolibrary.org/obo/CL_0001001>","immature CD8_alpha-negative CD11b-negative dendritic cell","lacks_plasma_membrane_part","<http://purl.obolibrary.org/obo/PR_000001020>","CD3 epsilon","0","1","1"
"<http://purl.obolibrary.org/obo/CL_0001002>","mature CD8_alpha-negative CD11b-negative dendritic cell","lacks_plasma_membrane_part","<http://purl.obolibrary.org/obo/PR_000001020>","CD3 epsilon","0","1","1"
"<http://purl.obolibrary.org/obo/CL_0001003>","mature CD8_alpha-negative CD11b-positive dendritic cell","lacks_plasma_membrane_part","<http://purl.obolibrary.org/obo/PR_000001020>","CD3 epsilon","0","1","1"
"<http://purl.obolibrary.org/obo/CL_0001004>","immature CD8_alpha-positive CD11b-negative dendritic cell","lacks_plasma_membrane_part","<http://purl.obolibrary.org/obo/PR_000001020>","CD3 epsilon","0","1","1"
"<http://purl.obolibrary.org/obo/CL_0001005>","mature CD8_alpha-positive CD11b-negative dendritic cell","lacks_plasma_membrane_part","<http://purl.obolibrary.org/obo/PR_000001020>","CD3 epsilon","0","1","1"
"<http://purl.obolibrary.org/obo/CL_0001006>","dermal dendritic cell","lacks_plasma_membrane_part","<http://purl.obolibrary.org/obo/PR_000001020>","CD3 epsilon","0","1","1"
"<http://purl.obolibrary.org/obo/CL_0001007>","interstitial dendritic cell","lacks_plasma_membrane_part","<http://purl.obolibrary.org/obo/PR_000001020>","CD3 epsilon","0","1","1"
"<http://purl.obolibrary.org/obo/CL_0001009>","immature dermal dendritic cell","lacks_plasma_membrane_part","<http://purl.obolibrary.org/obo/PR_000001020>","CD3 epsilon","0","1","1"
"<http://purl.obolibrary.org/obo/CL_0001010>","mature dermal dendritic cell","lacks_plasma_membrane_part","<http://purl.obolibrary.org/obo/PR_000001020>","CD3 epsilon","0","1","1"
"<http://purl.obolibrary.org/obo/CL_0001011>","immature interstitial dendritic cell","lacks_plasma_membrane_part","<http://purl.obolibrary.org/obo/PR_000001020>","CD3 epsilon","0","1","1"
"<http://purl.obolibrary.org/obo/CL_0001013>","mature interstitial dendritic cell","lacks_plasma_membrane_part","<http://purl.obolibrary.org/obo/PR_000001020>","CD3 epsilon","0","1","1"
"<http://purl.obolibrary.org/obo/CL_0001014>","CD1a-positive Langerhans cell","lacks_plasma_membrane_part","<http://purl.obolibrary.org/obo/PR_000001020>","CD3 epsilon","0","1","1"
"<http://purl.obolibrary.org/obo/CL_0001015>","CD8_alpha-low Langerhans cell","lacks_plasma_membrane_part","<http://purl.obolibrary.org/obo/PR_000001020>","CD3 epsilon","0","1","1"
"<http://purl.obolibrary.org/obo/CL_0001016>","immature CD1a-positive Langerhans cell","lacks_plasma_membrane_part","<http://purl.obolibrary.org/obo/PR_000001020>","CD3 epsilon","0","1","1"
"<http://purl.obolibrary.org/obo/CL_0001017>","mature CD1a-positive Langerhans cell","lacks_plasma_membrane_part","<http://purl.obolibrary.org/obo/PR_000001020>","CD3 epsilon","0","1","1"
"<http://purl.obolibrary.org/obo/CL_0001018>","immature CD8_alpha-low Langerhans cell","lacks_plasma_membrane_part","<http://purl.obolibrary.org/obo/PR_000001020>","CD3 epsilon","0","1","1"
"<http://purl.obolibrary.org/obo/CL_0001020>","mature CD8_alpha-low Langerhans cell","lacks_plasma_membrane_part","<http://purl.obolibrary.org/obo/PR_000001020>","CD3 epsilon","0","1","1"
"<http://purl.obolibrary.org/obo/CL_0002059>","CD8alpha-positive thymic conventional dendritic cell","lacks_plasma_membrane_part","<http://purl.obolibrary.org/obo/PR_000001020>","CD3 epsilon","0","1","1"
"<http://purl.obolibrary.org/obo/CL_0002394>","CD141-positive myeloid dendritic cell","lacks_plasma_membrane_part","<http://purl.obolibrary.org/obo/PR_000001020>","CD3 epsilon","0","1","1"
"<http://purl.obolibrary.org/obo/CL_0002399>","CD1c-positive myeloid dendritic cell","lacks_plasma_membrane_part","<http://purl.obolibrary.org/obo/PR_000001020>","CD3 epsilon","0","1","1"
"<http://purl.obolibrary.org/obo/CL_0002454>","Cd4-negative, CD8_alpha-negative, CD11b-positive dendritic cell","lacks_plasma_membrane_part","<http://purl.obolibrary.org/obo/PR_000001020>","CD3 epsilon","0","1","1"
"<http://purl.obolibrary.org/obo/CL_0002455>","CD8_alpha-negative plasmactyoid dendritic cell","lacks_plasma_membrane_part","<http://purl.obolibrary.org/obo/PR_000001020>","CD3 epsilon","0","1","1"
"<http://purl.obolibrary.org/obo/CL_0002456>","CD8_alpha-positive plasmactyoid dendritic cell","lacks_plasma_membrane_part","<http://purl.obolibrary.org/obo/PR_000001020>","CD3 epsilon","0","1","1"
"<http://purl.obolibrary.org/obo/CL_0002457>","epidermal Langerhans cell","lacks_plasma_membrane_part","<http://purl.obolibrary.org/obo/PR_000001020>","CD3 epsilon","0","1","1"
"<http://purl.obolibrary.org/obo/CL_0002458>","langerin-positive dermal dendritic cell","lacks_plasma_membrane_part","<http://purl.obolibrary.org/obo/PR_000001020>","CD3 epsilon","0","1","1"
"<http://purl.obolibrary.org/obo/CL_0002461>","CD103-positive dendritic cell","lacks_plasma_membrane_part","<http://purl.obolibrary.org/obo/PR_000001020>","CD3 epsilon","0","1","1"
"<http://purl.obolibrary.org/obo/CL_0002459>","langerin-negative dermal dendritic cell","lacks_plasma_membrane_part","<http://purl.obolibrary.org/obo/PR_000001020>","CD3 epsilon","0","1","1"
"<http://purl.obolibrary.org/obo/CL_0002508>","langerin-negative, CD103-negative lymph node dendritic cell","lacks_plasma_membrane_part","<http://purl.obolibrary.org/obo/PR_000001020>","CD3 epsilon","0","1","1"
"<http://purl.obolibrary.org/obo/CL_0002507>","langerin-positive lymph node dendritic cell","lacks_plasma_membrane_part","<http://purl.obolibrary.org/obo/PR_000001020>","CD3 epsilon","0","1","1"
"<http://purl.obolibrary.org/obo/CL_0002460>","CD8alpha-negative thymic conventional dendritic cell","lacks_plasma_membrane_part","<http://purl.obolibrary.org/obo/PR_000001020>","CD3 epsilon","0","1","1"
"<http://purl.obolibrary.org/obo/CL_0002462>","adipose dendritic cell","lacks_plasma_membrane_part","<http://purl.obolibrary.org/obo/PR_000001020>","CD3 epsilon","0","1","1"
"<http://purl.obolibrary.org/obo/CL_0002463>","SIRPa-positive adipose dendritic cell","lacks_plasma_membrane_part","<http://purl.obolibrary.org/obo/PR_000001020>","CD3 epsilon","0","1","1"
"<http://purl.obolibrary.org/obo/CL_0002464>","SIRPa-negative adipose dendritic cell","lacks_plasma_membrane_part","<http://purl.obolibrary.org/obo/PR_000001020>","CD3 epsilon","0","1","1"
"<http://purl.obolibrary.org/obo/CL_0002466>","small intestine serosal dendritic cell","lacks_plasma_membrane_part","<http://purl.obolibrary.org/obo/PR_000001020>","CD3 epsilon","0","1","1"
"<http://purl.obolibrary.org/obo/CL_0002505>","liver CD103-negative dendritic cell","lacks_plasma_membrane_part","<http://purl.obolibrary.org/obo/PR_000001020>","CD3 epsilon","0","1","1"
"<http://purl.obolibrary.org/obo/CL_0002506>","liver CD103-positive dendritic cell","lacks_plasma_membrane_part","<http://purl.obolibrary.org/obo/PR_000001020>","CD3 epsilon","0","1","1"
"<http://purl.obolibrary.org/obo/CL_0002509>","CD103-positive, langerin-positive lymph node dendritic cell","lacks_plasma_membrane_part","<http://purl.obolibrary.org/obo/PR_000001020>","CD3 epsilon","0","1","1"
"<http://purl.obolibrary.org/obo/CL_0002510>","CD103-negative, langerin-positive lymph node dendritic cell","lacks_plasma_membrane_part","<http://purl.obolibrary.org/obo/PR_000001020>","CD3 epsilon","0","1","1"
"<http://purl.obolibrary.org/obo/CL_0002511>","CD11b-low, CD103-negative, langerin-negative lymph node dendritic cell","lacks_plasma_membrane_part","<http://purl.obolibrary.org/obo/PR_000001020>","CD3 epsilon","0","1","1"
"<http://purl.obolibrary.org/obo/CL_0002512>","CD11b-high, CD103-negative, langerin-negative lymph node dendritic cell","lacks_plasma_membrane_part","<http://purl.obolibrary.org/obo/PR_000001020>","CD3 epsilon","0","1","1"
"<http://purl.obolibrary.org/obo/CL_0002526>","CD14-positive dermal dendritic cell","lacks_plasma_membrane_part","<http://purl.obolibrary.org/obo/PR_000001020>","CD3 epsilon","0","1","1"
"<http://purl.obolibrary.org/obo/CL_0002527>","immature CD14-positive dermal dendritic cell","lacks_plasma_membrane_part","<http://purl.obolibrary.org/obo/PR_000001020>","CD3 epsilon","0","1","1"
"<http://purl.obolibrary.org/obo/CL_0002528>","mature CD14-positive dermal dendritic cell","lacks_plasma_membrane_part","<http://purl.obolibrary.org/obo/PR_000001020>","CD3 epsilon","0","1","1"
"<http://purl.obolibrary.org/obo/CL_0002529>","CD1a-positive dermal dendritic cell","lacks_plasma_membrane_part","<http://purl.obolibrary.org/obo/PR_000001020>","CD3 epsilon","0","1","1"
"<http://purl.obolibrary.org/obo/CL_0002530>","immature CD1a-positive dermal dendritic cell","lacks_plasma_membrane_part","<http://purl.obolibrary.org/obo/PR_000001020>","CD3 epsilon","0","1","1"
"<http://purl.obolibrary.org/obo/CL_0002531>","mature CD1a-positive dermal dendritic cell","lacks_plasma_membrane_part","<http://purl.obolibrary.org/obo/PR_000001020>","CD3 epsilon","0","1","1"
"<http://purl.obolibrary.org/obo/CL_0002532>","CD16-positive myeloid dendritic cell","lacks_plasma_membrane_part","<http://purl.obolibrary.org/obo/PR_000001020>","CD3 epsilon","0","1","1"
"<http://purl.obolibrary.org/obo/CL_0002533>","immature CD16-positive myeloid dendritic cell","lacks_plasma_membrane_part","<http://purl.obolibrary.org/obo/PR_000001020>","CD3 epsilon","0","1","1"
"<http://purl.obolibrary.org/obo/CL_0002534>","mature CD16-positive myeloid dendritic cell","lacks_plasma_membrane_part","<http://purl.obolibrary.org/obo/PR_000001020>","CD3 epsilon","0","1","1"
"<http://purl.obolibrary.org/obo/CL_1000699>","kidney resident dendritic cell","lacks_plasma_membrane_part","<http://purl.obolibrary.org/obo/PR_000001020>","CD3 epsilon","0","1","1"
"<http://purl.obolibrary.org/obo/CL_0000547>","proerythroblast","lacks_plasma_membrane_part","<http://purl.obolibrary.org/obo/PR_000001020>","CD3 epsilon","0","1","1"
"<http://purl.obolibrary.org/obo/CL_0002004>","CD34-negative, GlyA-negative proerythroblast","lacks_plasma_membrane_part","<http://purl.obolibrary.org/obo/PR_000001020>","CD3 epsilon","0","1","1"
"<http://purl.obolibrary.org/obo/CL_0002012>","Kit-low proerythroblast","lacks_plasma_membrane_part","<http://purl.obolibrary.org/obo/PR_000001020>","CD3 epsilon","0","1","1"
"<http://purl.obolibrary.org/obo/CL_0000553>","megakaryocyte progenitor cell","lacks_plasma_membrane_part","<http://purl.obolibrary.org/obo/PR_000001020>","CD3 epsilon","0","1","1"
"<http://purl.obolibrary.org/obo/CL_0002023>","CD34-positive, CD41-positive, CD42-positive megakaryocyte progenitor cell","lacks_plasma_membrane_part","<http://purl.obolibrary.org/obo/PR_000001020>","CD3 epsilon","0","1","1"
"<http://purl.obolibrary.org/obo/CL_0002025>","CD34-positive, CD41-positive, CD42-negative megakaryocyte progenitor cell","lacks_plasma_membrane_part","<http://purl.obolibrary.org/obo/PR_000001020>","CD3 epsilon","0","1","1"
"<http://purl.obolibrary.org/obo/CL_0002024>","Kit-positive megakaryocyte progenitor cell","lacks_plasma_membrane_part","<http://purl.obolibrary.org/obo/PR_000001020>","CD3 epsilon","0","1","1"
"<http://purl.obolibrary.org/obo/CL_0000558>","reticulocyte","lacks_plasma_membrane_part","<http://purl.obolibrary.org/obo/PR_000001020>","CD3 epsilon","0","1","1"
"<http://purl.obolibrary.org/obo/CL_0002421>","nucleated reticulocyte","lacks_plasma_membrane_part","<http://purl.obolibrary.org/obo/PR_000001020>","CD3 epsilon","0","1","1"
"<http://purl.obolibrary.org/obo/CL_0002422>","enucleated reticulocyte","lacks_plasma_membrane_part","<http://purl.obolibrary.org/obo/PR_000001020>","CD3 epsilon","0","1","1"
"<http://purl.obolibrary.org/obo/CL_0002019>","Ly-76 high reticulocyte","lacks_plasma_membrane_part","<http://purl.obolibrary.org/obo/PR_000001020>","CD3 epsilon","0","1","1"
"<http://purl.obolibrary.org/obo/CL_0002020>","GlyA-positive reticulocytes","lacks_plasma_membrane_part","<http://purl.obolibrary.org/obo/PR_000001020>","CD3 epsilon","0","1","1"
"<http://purl.obolibrary.org/obo/CL_0000611>","eosinophil progenitor cell","lacks_plasma_membrane_part","<http://purl.obolibrary.org/obo/PR_000001020>","CD3 epsilon","0","1","1"
"<http://purl.obolibrary.org/obo/CL_0002007>","Kit-low, CD34-positive eosinophil progenitor cell","lacks_plasma_membrane_part","<http://purl.obolibrary.org/obo/PR_000001020>","CD3 epsilon","0","1","1"
"<http://purl.obolibrary.org/obo/CL_0002008>","CD34-positive, CD38-positive eosinophil progenitor cell","lacks_plasma_membrane_part","<http://purl.obolibrary.org/obo/PR_000001020>","CD3 epsilon","0","1","1"
"<http://purl.obolibrary.org/obo/CL_0000613>","basophil progenitor cell","lacks_plasma_membrane_part","<http://purl.obolibrary.org/obo/PR_000001020>","CD3 epsilon","0","1","1"
"<http://purl.obolibrary.org/obo/CL_0002030>","Fc-epsilon RIalpha-high basophil progenitor cell","lacks_plasma_membrane_part","<http://purl.obolibrary.org/obo/PR_000001020>","CD3 epsilon","0","1","1"
"<http://purl.obolibrary.org/obo/CL_0000623>","natural killer cell","lacks_plasma_membrane_part","<http://purl.obolibrary.org/obo/PR_000001020>","CD3 epsilon","0","1","1"
"<http://purl.obolibrary.org/obo/CL_0000823>","immature natural killer cell","lacks_plasma_membrane_part","<http://purl.obolibrary.org/obo/PR_000001020>","CD3 epsilon","0","1","1"
"<http://purl.obolibrary.org/obo/CL_0000937>","pre-natural killer cell","lacks_plasma_membrane_part","<http://purl.obolibrary.org/obo/PR_000001020>","CD3 epsilon","0","1","1"
"<http://purl.obolibrary.org/obo/CL_0000824>","mature natural killer cell","lacks_plasma_membrane_part","<http://purl.obolibrary.org/obo/PR_000001020>","CD3 epsilon","0","1","1"
"<http://purl.obolibrary.org/obo/CL_0002338>","CD56-positive, CD161-positive immature natural killer cell","lacks_plasma_membrane_part","<http://purl.obolibrary.org/obo/PR_000001020>","CD3 epsilon","0","1","1"
"<http://purl.obolibrary.org/obo/CL_0002344>","CD56-negative, CD161-positive immature natural killer cell","lacks_plasma_membrane_part","<http://purl.obolibrary.org/obo/PR_000001020>","CD3 epsilon","0","1","1"
"<http://purl.obolibrary.org/obo/CL_0000938>","CD56-bright cytokine secreting natural killer cell","lacks_plasma_membrane_part","<http://purl.obolibrary.org/obo/PR_000001020>","CD3 epsilon","0","1","1"
"<http://purl.obolibrary.org/obo/CL_0000939>","cytotoxic CD56-dim natural killer cell","lacks_plasma_membrane_part","<http://purl.obolibrary.org/obo/PR_000001020>","CD3 epsilon","0","1","1"
"<http://purl.obolibrary.org/obo/CL_0002343>","decidual natural killer cell","lacks_plasma_membrane_part","<http://purl.obolibrary.org/obo/PR_000001020>","CD3 epsilon","0","1","1"
"<http://purl.obolibrary.org/obo/CL_0002345>","CD27-low, CD11b-low immature natural killer cell","lacks_plasma_membrane_part","<http://purl.obolibrary.org/obo/PR_000001020>","CD3 epsilon","0","1","1"
"<http://purl.obolibrary.org/obo/CL_0002346>","Dx5-negative, NK1.1-positive immature natural killer cell","lacks_plasma_membrane_part","<http://purl.obolibrary.org/obo/PR_000001020>","CD3 epsilon","0","1","1"
"<http://purl.obolibrary.org/obo/CL_0002347>","CD27-high, CD11b-high natural killer cell","lacks_plasma_membrane_part","<http://purl.obolibrary.org/obo/PR_000001020>","CD3 epsilon","0","1","1"
"<http://purl.obolibrary.org/obo/CL_0002426>","CD11b-positive, CD27-positive natural killer cell","lacks_plasma_membrane_part","<http://purl.obolibrary.org/obo/PR_000001020>","CD3 epsilon","0","1","1"
"<http://purl.obolibrary.org/obo/CL_0002349>","CD27-high, CD11b-low natural killer cell","lacks_plasma_membrane_part","<http://purl.obolibrary.org/obo/PR_000001020>","CD3 epsilon","0","1","1"
"<http://purl.obolibrary.org/obo/CL_0002348>","CD27-low, CD11b-high natural killer cell","lacks_plasma_membrane_part","<http://purl.obolibrary.org/obo/PR_000001020>","CD3 epsilon","0","1","1"
"<http://purl.obolibrary.org/obo/CL_0002438>","NK1.1-positive natural killer cell","lacks_plasma_membrane_part","<http://purl.obolibrary.org/obo/PR_000001020>","CD3 epsilon","0","1","1"
"<http://purl.obolibrary.org/obo/CL_0002439>","NKGA2-positive natural killer cell","lacks_plasma_membrane_part","<http://purl.obolibrary.org/obo/PR_000001020>","CD3 epsilon","0","1","1"
"<http://purl.obolibrary.org/obo/CL_0002440>","Ly49D-positive natural killer cell","lacks_plasma_membrane_part","<http://purl.obolibrary.org/obo/PR_000001020>","CD3 epsilon","0","1","1"
"<http://purl.obolibrary.org/obo/CL_0002441>","CD94-positive natural killer cell","lacks_plasma_membrane_part","<http://purl.obolibrary.org/obo/PR_000001020>","CD3 epsilon","0","1","1"
"<http://purl.obolibrary.org/obo/CL_0002442>","CD94-negative, Ly49CI-negative natural killer cell","lacks_plasma_membrane_part","<http://purl.obolibrary.org/obo/PR_000001020>","CD3 epsilon","0","1","1"
"<http://purl.obolibrary.org/obo/CL_0002446>","Ly49CI-negative natural killer cell","lacks_plasma_membrane_part","<http://purl.obolibrary.org/obo/PR_000001020>","CD3 epsilon","0","1","1"
"<http://purl.obolibrary.org/obo/CL_0002447>","CD94-negative natural killer cell","lacks_plasma_membrane_part","<http://purl.obolibrary.org/obo/PR_000001020>","CD3 epsilon","0","1","1"
"<http://purl.obolibrary.org/obo/CL_0002443>","Ly49CI-positive natural killer cell","lacks_plasma_membrane_part","<http://purl.obolibrary.org/obo/PR_000001020>","CD3 epsilon","0","1","1"
"<http://purl.obolibrary.org/obo/CL_0002444>","Ly49H-positive natural killer cell","lacks_plasma_membrane_part","<http://purl.obolibrary.org/obo/PR_000001020>","CD3 epsilon","0","1","1"
"<http://purl.obolibrary.org/obo/CL_0002445>","Ly49D-negative natural killer cell","lacks_plasma_membrane_part","<http://purl.obolibrary.org/obo/PR_000001020>","CD3 epsilon","0","1","1"
"<http://purl.obolibrary.org/obo/CL_0002448>","Ly49H-negative natural killer cell","lacks_plasma_membrane_part","<http://purl.obolibrary.org/obo/PR_000001020>","CD3 epsilon","0","1","1"
"<http://purl.obolibrary.org/obo/CL_0002449>","CD94-positive Ly49CI-positive natural killer cell","lacks_plasma_membrane_part","<http://purl.obolibrary.org/obo/PR_000001020>","CD3 epsilon","0","1","1"
"<http://purl.obolibrary.org/obo/CL_0000549>","basophilic erythroblast","lacks_plasma_membrane_part","<http://purl.obolibrary.org/obo/PR_000001020>","CD3 epsilon","0","1","1"
"<http://purl.obolibrary.org/obo/CL_0000765>","erythroblast","lacks_plasma_membrane_part","<http://purl.obolibrary.org/obo/PR_000001020>","CD3 epsilon","0","1","1"
"<http://purl.obolibrary.org/obo/CL_0000550>","polychromatophilic erythroblast","lacks_plasma_membrane_part","<http://purl.obolibrary.org/obo/PR_000001020>","CD3 epsilon","0","1","1"
"<http://purl.obolibrary.org/obo/CL_0000552>","orthochromatic erythroblast","lacks_plasma_membrane_part","<http://purl.obolibrary.org/obo/PR_000001020>","CD3 epsilon","0","1","1"
"<http://purl.obolibrary.org/obo/CL_0002013>","GlyA-positive basophillic erythroblast","lacks_plasma_membrane_part","<http://purl.obolibrary.org/obo/PR_000001020>","CD3 epsilon","0","1","1"
"<http://purl.obolibrary.org/obo/CL_0002014>","Kit-negative, Ly-76 high basophilic erythroblast","lacks_plasma_membrane_part","<http://purl.obolibrary.org/obo/PR_000001020>","CD3 epsilon","0","1","1"
"<http://purl.obolibrary.org/obo/CL_0002015>","Kit-negative, Ly-76 high polychromatophilic erythroblast","lacks_plasma_membrane_part","<http://purl.obolibrary.org/obo/PR_000001020>","CD3 epsilon","0","1","1"
"<http://purl.obolibrary.org/obo/CL_0002016>","CD71-low, GlyA-positive polychromatic erythroblast","lacks_plasma_membrane_part","<http://purl.obolibrary.org/obo/PR_000001020>","CD3 epsilon","0","1","1"
"<http://purl.obolibrary.org/obo/CL_0002017>","Kit-negative, Ly-76 high orthochromatophilic erythroblasts","lacks_plasma_membrane_part","<http://purl.obolibrary.org/obo/PR_000001020>","CD3 epsilon","0","1","1"
"<http://purl.obolibrary.org/obo/CL_0002018>","CD71-negative, GlyA-positive orthochromatic erythroblast","lacks_plasma_membrane_part","<http://purl.obolibrary.org/obo/PR_000001020>","CD3 epsilon","0","1","1"
"<http://purl.obolibrary.org/obo/CL_0000831>","mast cell progenitor","lacks_plasma_membrane_part","<http://purl.obolibrary.org/obo/PR_000001020>","CD3 epsilon","0","1","1"
"<http://purl.obolibrary.org/obo/CL_0002029>","Fc-epsilon RIalpha-low mast cell progenitor","lacks_plasma_membrane_part","<http://purl.obolibrary.org/obo/PR_000001020>","CD3 epsilon","0","1","1"
"<http://purl.obolibrary.org/obo/CL_0000837>","hematopoietic multipotent progenitor cell","lacks_plasma_membrane_part","<http://purl.obolibrary.org/obo/PR_000001020>","CD3 epsilon","0","1","1"
"<http://purl.obolibrary.org/obo/CL_0000936>","early lymphoid progenitor","lacks_plasma_membrane_part","<http://purl.obolibrary.org/obo/PR_000001020>","CD3 epsilon","0","1","1"
"<http://purl.obolibrary.org/obo/CL_0002035>","Slamf1-negative multipotent progenitor cell","lacks_plasma_membrane_part","<http://purl.obolibrary.org/obo/PR_000001020>","CD3 epsilon","0","1","1"
"<http://purl.obolibrary.org/obo/CL_0002043>","CD34-positive, CD38-negative multipotent progenitor cell","lacks_plasma_membrane_part","<http://purl.obolibrary.org/obo/PR_000001020>","CD3 epsilon","0","1","1"
"<http://purl.obolibrary.org/obo/CL_0002036>","Slamf1-positive multipotent progenitor cell","lacks_plasma_membrane_part","<http://purl.obolibrary.org/obo/PR_000001020>","CD3 epsilon","0","1","1"
"<http://purl.obolibrary.org/obo/CL_0001029>","common dendritic progenitor","lacks_plasma_membrane_part","<http://purl.obolibrary.org/obo/PR_000001020>","CD3 epsilon","0","1","1"
"<http://purl.obolibrary.org/obo/CL_0002010>","pre-conventional dendritic cell","lacks_plasma_membrane_part","<http://purl.obolibrary.org/obo/PR_000001020>","CD3 epsilon","0","1","1"
"<http://purl.obolibrary.org/obo/CL_0000050>","megakaryocyte-erythroid progenitor cell","lacks_plasma_membrane_part","<http://purl.obolibrary.org/obo/PR_000001020>","CD3 epsilon","0","1","1"
"<http://purl.obolibrary.org/obo/CL_0002009>","macrophage dendritic cell progenitor","lacks_plasma_membrane_part","<http://purl.obolibrary.org/obo/PR_000001020>","CD3 epsilon","0","1","1"
"<http://purl.obolibrary.org/obo/CL_0000049>","common myeloid progenitor","lacks_plasma_membrane_part","<http://purl.obolibrary.org/obo/PR_000001020>","CD3 epsilon","0","1","1"
"<http://purl.obolibrary.org/obo/CL_0002032>","hematopoietic oligopotent progenitor cell","lacks_plasma_membrane_part","<http://purl.obolibrary.org/obo/PR_000001020>","CD3 epsilon","0","1","1"
"<http://purl.obolibrary.org/obo/CL_0000051>","common lymphoid progenitor","lacks_plasma_membrane_part","<http://purl.obolibrary.org/obo/PR_000001020>","CD3 epsilon","0","1","1"
"<http://purl.obolibrary.org/obo/CL_0000557>","granulocyte monocyte progenitor cell","lacks_plasma_membrane_part","<http://purl.obolibrary.org/obo/PR_000001020>","CD3 epsilon","0","1","1"
"<http://purl.obolibrary.org/obo/CL_0000995>","CD34-positive, CD38-positive common myeloid progenitor OR CD34-positive, CD38-positive common lymphoid progenitor","lacks_plasma_membrane_part","<http://purl.obolibrary.org/obo/PR_000001020>","CD3 epsilon","0","1","1"
"<http://purl.obolibrary.org/obo/CL_0001021>","CD34-positive, CD38-positive common lymphoid progenitor","lacks_plasma_membrane_part","<http://purl.obolibrary.org/obo/PR_000001020>","CD3 epsilon","0","1","1"
"<http://purl.obolibrary.org/obo/CL_0001026>","CD34-positive, CD38-positive common myeloid progenitor","lacks_plasma_membrane_part","<http://purl.obolibrary.org/obo/PR_000001020>","CD3 epsilon","0","1","1"
"<http://purl.obolibrary.org/obo/CL_0001012>","CD7-negative lymphoid progenitor OR granulocyte monocyte progenitor","lacks_plasma_membrane_part","<http://purl.obolibrary.org/obo/PR_000001020>","CD3 epsilon","0","1","1"
"<http://purl.obolibrary.org/obo/CL_0001027>","CD7-negative lymphoid progenitor cell","lacks_plasma_membrane_part","<http://purl.obolibrary.org/obo/PR_000001020>","CD3 epsilon","0","1","1"
"<http://purl.obolibrary.org/obo/CL_0001025>","Kit-positive, Sca1-positive common lymphoid progenitor","lacks_plasma_membrane_part","<http://purl.obolibrary.org/obo/PR_000001020>","CD3 epsilon","0","1","1"
"<http://purl.obolibrary.org/obo/CL_0002001>","CD34-positive, CD38-positive granulocyte monocyte progenitor","lacks_plasma_membrane_part","<http://purl.obolibrary.org/obo/PR_000001020>","CD3 epsilon","0","1","1"
"<http://purl.obolibrary.org/obo/CL_0001023>","Kit-positive, CD34-positive common myeloid progenitor","lacks_plasma_membrane_part","<http://purl.obolibrary.org/obo/PR_000001020>","CD3 epsilon","0","1","1"
"<http://purl.obolibrary.org/obo/CL_0001028>","CD7-positive lymphoid progenitor cell","lacks_plasma_membrane_part","<http://purl.obolibrary.org/obo/PR_000001020>","CD3 epsilon","0","1","1"
"<http://purl.obolibrary.org/obo/CL_0001030>","CD117-positive common myeloid progenitor OR CD217-positive common lymphoid progenitor","lacks_plasma_membrane_part","<http://purl.obolibrary.org/obo/PR_000001020>","CD3 epsilon","0","1","1"
"<http://purl.obolibrary.org/obo/CL_0002006>","Kit-positive, CD34-negative megakaryocyte erythroid progenitor cell","lacks_plasma_membrane_part","<http://purl.obolibrary.org/obo/PR_000001020>","CD3 epsilon","0","1","1"
"<http://purl.obolibrary.org/obo/CL_0002002>","Kit-positive granulocyte monocyte progenitor","lacks_plasma_membrane_part","<http://purl.obolibrary.org/obo/PR_000001020>","CD3 epsilon","0","1","1"
"<http://purl.obolibrary.org/obo/CL_0002005>","CD34-positive, CD38-positive megakaryocyte erythroid progenitor cell","lacks_plasma_membrane_part","<http://purl.obolibrary.org/obo/PR_000001020>","CD3 epsilon","0","1","1"
"<http://purl.obolibrary.org/obo/CL_0002011>","Kit-positive macrophage dendritic cell progenitor","lacks_plasma_membrane_part","<http://purl.obolibrary.org/obo/PR_000001020>","CD3 epsilon","0","1","1"
"<http://purl.obolibrary.org/obo/CL_0002089>","nuocyte","lacks_plasma_membrane_part","<http://purl.obolibrary.org/obo/PR_000001020>","CD3 epsilon","0","1","1"
"<http://purl.obolibrary.org/obo/CL_0002476>","bone marrow macrophage","lacks_plasma_membrane_part","<http://purl.obolibrary.org/obo/PR_000001020>","CD3 epsilon","0","1","1"
"<http://purl.obolibrary.org/obo/CL_0002679>","natural helper lymphocyte","lacks_plasma_membrane_part","<http://purl.obolibrary.org/obo/PR_000001020>","CD3 epsilon","0","1","1"
